insert into professor values(1127, 'Noam Chomsky', 'DB', 'CE');
insert into professor values(1243, 'Sean Dillon', 'SE', 'CE');
insert into professor values(1534, 'Christopher Beck', 'CN', 'CE');
insert into professor values(1756, 'Thomas Kyte', 'PL', 'CS');
insert into professor values(1257, 'Joel Kallman', 'DS', 'IC');
insert into professor values(1654, 'Howard Rogers', 'AD', 'EE');
insert into professor values(1455, 'John Doe', 'ME', 'SE');
insert into professor values(1101, 'Park Young Bae', 'DB', 'CE');
insert into professor values(1102, 'Yoon Byung Joo', 'DB', 'CE');
insert into professor values(1103, 'Kim Sang Woon', 'SE', 'CE');
insert into professor values(1104, 'Jou Wou Seok', 'CN', 'CE');
insert into professor values(1105, 'Jang Hyuk Soo', 'CN', 'CE');
insert into professor values(1201, 'Choi Sung Woon', 'IC1', 'IC');
insert into professor values(1202, 'Hong Sug won', 'IC2', 'IC');
insert into professor values(1203, 'Park Hyun Min', 'IC3', 'IC');
insert into professor values(1204, 'Cho Se Hyeong', 'IC4', 'IC');
insert into professor values(1205, 'Lee Kang Sun', 'IC5', 'IC');
insert into professor values(1301, 'Ryu Yeon Seung', 'ME1', 'ME');
insert into professor values(1302, 'Lee Myung Ho', 'ME2', 'ME');
insert into professor values(1303, 'Kwon Dong Seop', 'ME3', 'ME');
insert into professor values(1304, 'Kim Sang Kyun', 'ME4', 'ME');
insert into professor values(1305, 'Han Seung Chul', 'ME5', 'ME');
insert into professor values(1401, 'Kim Sang Kwi', 'SE1', 'SE');
insert into professor values(1402, 'Shin Seong Hyo', 'SE2', 'SE');
insert into professor values(1403, 'Acar Umut', 'SE3', 'SE');
insert into professor values(1404, 'Adamchik Victor', 'SE4', 'SE');
insert into professor values(1405, 'Fahlman Scott', 'SE5', 'SE');
insert into professor values(1501, 'Carter Lynn', 'DB', 'CE');
insert into professor values(1502, 'Choset Howard', 'DB', 'CE');
insert into professor values(1503, 'Clarke Edmund', 'SE', 'CE');
insert into professor values(1504, 'Fatahalian Kayvon', 'CN', 'CE');
insert into professor values(1505, 'Cassell Justine', 'CN', 'CE');
insert into professor values(1601, 'Carrasquel Jacobo', 'EE1', 'EE');
insert into professor values(1602, 'Farber David', 'EE2', 'EE');
insert into professor values(1603, 'Cohen William', 'EE3', 'EE');
insert into professor values(1604, 'Corbett Albert', 'EE4', 'EE');
insert into professor values(1605, 'Sandholm Tuomas', 'EE5', 'EE');
insert into professor values(1701, 'Pfenning Frank', 'CS1', 'CS');
insert into professor values(1702, 'Kass Robert', 'CS2', 'CS');
insert into professor values(1703, 'Kesden Gregory', 'CS3', 'CS');
insert into professor values(1704, 'Keating Thomas', 'CS4', 'CS');
insert into professor values(1705, 'Scerri Paul', 'CS5', 'CS');
insert into professor values(1801, 'Kittur Aniket', 'CT1', 'CT');
insert into professor values(1802, 'Hebert Martial', 'CT2', 'CT');
insert into professor values(1803, 'Procaccia Ariel', 'CT3', 'CT');
insert into professor values(1804, 'Huber Daniel', 'CT4', 'CT');
insert into professor values(1805, 'Oflazer Kemal', 'CT5', 'CT');
insert into professor values(1106, 'Jonghoon Chun', 'DB', 'CE');

insert into course values('CE001', 'Annual Giving', 1, 1);
insert into course values('CE002', 'Arabic', 2, 2);
insert into course values('CE003', 'Architecture', 3, 1);
insert into course values('CE004', 'Asian Languages', 1, 2);
insert into course values('CE005', 'Bank Transfers', 2, 1);
insert into course values('CE006', 'Biomedical Engineering', 3, 2);
insert into course values('CE007', 'Building Services', 1, 1);
insert into course values('CE008', 'Business School', 1, 1);
insert into course values('CE009', 'Business Taxation', 2, 2);
insert into course values('CE010', 'C Programming', 3, 1);
insert into course values('CE011', 'chemical experiment', 1, 2);
insert into course values('CE012', 'China Centre', 2, 1);
insert into course values('CE013', 'Clinical Pharmacology', 3, 2);
insert into course values('CS001', 'Computer Science', 1, 1);
insert into course values('CS002', 'Continuing Education', 2, 1);
insert into course values('CS003', 'Database', 3, 2);
insert into course values('CS004', 'Distance and Online Learning', 1, 1);
insert into course values('CS005', 'English Language and Literature', 1, 2);
insert into course values('CS006', 'e-Research', 2, 1);
insert into course values('CT001', 'European Languages', 3, 2);
insert into course values('CT002', 'Executive Education Centre', 2, 1);
insert into course values('CT003', 'Future of Humanity Institute', 3, 1);
insert into course values('CT004', 'Geratology', 1, 2);
insert into course values('CT005', 'Global Economic Governance Programme', 1, 1);
insert into course values('EE001', 'Government', 2, 2);
insert into course values('EE002', 'History of Art Department', 3, 1);
insert into course values('EE003', 'International Development', 2, 2);
insert into course values('EE004', 'Internet Institute', 3, 1);
insert into course values('EE005', 'Japanese Studies', 1, 1);
insert into course values('IC001', 'Java Programming', 2, 2);
insert into course values('IC002', 'Materials', 3, 1);
insert into course values('IC003', 'Mexican Studies', 1, 2);
insert into course values('IC004', 'Oncology', 1, 1);
insert into course values('IC005', 'physics experiment', 2, 2);
insert into course values('IC006', 'Plant Sciences', 3, 1);
insert into course values('ME001', 'Professional Development', 1, 1);
insert into course values('ME002', 'Psychiatry', 1, 2);
insert into course values('ME003', 'Public Policy Unit', 2, 1);
insert into course values('ME004', 'Social and Cultural Anthropology', 3, 2);
insert into course values('ME005', 'Sociology', 1, 1);
insert into course values('SE001', 'Software Engineering', 1, 2);
insert into course values('SE006', 'Theology and Religion', 2, 1);
insert into course values('SE002', 'Transport Studies Unit', 3, 2);
insert into course values('SE003', 'Visual Studies', 2, 1);
insert into course values('SE004', 'Weatherall Institute of Molecular Medicine', 3, 2);
insert into course values('SE005', 'XML', 1, 1);

insert into student values(2321, 1127, 'Michael Jordan', 4, 'CE');
insert into student values(2333, 1243, 'Sienna Miller', 3, 'CE');
insert into student values(2344, 1534, 'Cristiano Ronaldo', 2, 'CE');
insert into student values(2373, 1534, 'Lionel Messi', 1, 'CE');
insert into student values(2377, 1257, 'Jisung Park', 3, 'IC');
insert into student values(2348, 1654, 'Michael Bolton', 2, 'EE');
insert into student values(2388, 1455, 'Bon Jovi', 4, 'SE');
insert into student values(2301, 1101, 'Lee Chung Ki', 1, 'CE');
insert into student values(2302, 1102, 'Jonghoon Chun', 2, 'CE');
insert into student values(2303, 1103, 'JongHyun Lim', 3, 'CE');
insert into student values(2304, 1104, 'Adeline', 4, 'CE');
insert into student values(2305, 1105, 'Alexandra', 2, 'CE');
insert into student values(2306, 1101, 'Althea ', 2, 'CE');
insert into student values(2307, 1102, 'Donna', 3, 'CE');
insert into student values(2308, 1103, 'Darlene', 1, 'CE');
insert into student values(2309, 1104, 'Ellen', 2, 'CE');
insert into student values(2310, 1105, 'Janet', 3, 'CE');
insert into student values(2311, 1101, 'Ethel', 4, 'CE');
insert into student values(2312, 1801, 'Henrietta ', 1, 'CT');
insert into student values(2313, 1802, 'Genevieve ', 1, 'CT');
insert into student values(2314, 1803, 'Glenda ', 2, 'CT');
insert into student values(2315, 1804, 'Betty ', 3, 'CT');
insert into student values(2316, 1805, 'Jeannette', 4, 'CT');
insert into student values(2317, 1201, 'Dorothy', 2, 'IC');
insert into student values(2318, 1202, 'Cassandra ', 2, 'IC');
insert into student values(2319, 1203, 'Eve', 3, 'IC');
insert into student values(2320, 1204, 'Brenda ', 1, 'IC');
insert into student values(2322, 1205, 'Holly', 2, 'IC');
insert into student values(2323, 1205, 'Charlotte', 3, 'IC');
insert into student values(2324, 1601, 'Jenny ', 4, 'EE');
insert into student values(2325, 1602, 'Caren', 1, 'EE');
insert into student values(2326, 1603, 'Geraldine ', 1, 'EE');
insert into student values(2327, 1604, 'Kelly', 2, 'EE');
insert into student values(2328, 1605, 'Charity ', 3, 'EE');
insert into student values(2329, 1602, 'Josephine ', 4, 'EE');
insert into student values(2330, 1603, 'Leona ', 2, 'EE');
insert into student values(2331, 1604, 'Marina', 2, 'EE');
insert into student values(2332, 1605, 'Kimberly', 3, 'EE');
insert into student values(2334, 1401, 'Lavinia ', 1, 'SE');
insert into student values(2335, 1402, 'Madeline', 2, 'SE');
insert into student values(2336, 1403, 'Linda', 3, 'SE');
insert into student values(2337, 1404, 'Lora ', 4, 'SE');
insert into student values(2338, 1405, 'Lauren', 1, 'SE');
insert into student values(2339, 1405, 'Mary ', 3, 'SE');
insert into student values(2340, 1301, 'Lisa ', 1, 'ME');
insert into student values(2341, 1302, 'Muriel', 2, 'ME');
insert into student values(2342, 1303, 'Olive', 3, 'ME');
insert into student values(2343, 1304, 'Rose', 4, 'ME');
insert into student values(2345, 1305, 'Waibel Alexander', 1, 'ME');

insert into enroll values(2321, 'CE001', 'A', 100);
insert into enroll values(2321, 'CE002', 'A', 95);
insert into enroll values(2321, 'CE003', 'A', 100);
insert into enroll values(2321, 'CE005', 'A', 92);
insert into enroll values(2333, 'CE001', 'B', 87);
insert into enroll values(2333, 'CE003', 'A', 95);
insert into enroll values(2333, 'CE005', 'A', 97);
insert into enroll values(2344, 'CE001', 'B', 82);
insert into enroll values(2344, 'CE002', 'C', 75);
insert into enroll values(2344, 'CE003', 'B', 89);
insert into enroll values(2373, 'CE001', 'B', 92);
insert into enroll values(2373, 'CE002', 'B', 84);
insert into enroll values(2373, 'CE003', 'C', 72);
insert into enroll values(2373, 'CE005', 'B', 81);
insert into enroll values(2377, 'IC001', 'A', 100);
insert into enroll values(2388, 'SE001', 'B', 85);
insert into enroll values(2301, 'CE004', 'A', 100);
insert into enroll values(2301, 'CE006', 'A', 95);
insert into enroll values(2301, 'CE007', 'A', 100);
insert into enroll values(2301, 'CE008', 'A', 92);
insert into enroll values(2301, 'CE009', 'A', 97);
insert into enroll values(2302, 'CE004', 'A', 95);
insert into enroll values(2302, 'CE006', 'A', 97);
insert into enroll values(2302, 'CE007', 'B', 82);
insert into enroll values(2302, 'CE008', 'C', 75);
insert into enroll values(2302, 'CE009', 'B', 89);
insert into enroll values(2303, 'CE004', 'B', 92);
insert into enroll values(2303, 'CE006', 'B', 84);
insert into enroll values(2303, 'CE007', 'C', 72);
insert into enroll values(2303, 'CE008', 'B', 81);
insert into enroll values(2303, 'CE009', 'C', 70);
insert into enroll values(2304, 'CE004', 'A', 95);
insert into enroll values(2304, 'CE006', 'A', 100);
insert into enroll values(2304, 'CE007', 'A', 95);
insert into enroll values(2304, 'CE008', 'A', 100);
insert into enroll values(2304, 'CE009', 'A', 92);
insert into enroll values(2305, 'CE004', 'B', 87);
insert into enroll values(2305, 'CE006', 'C', 85);
insert into enroll values(2305, 'CE007', 'C', 87);
insert into enroll values(2305, 'CE008', 'B', 82);
insert into enroll values(2305, 'CE009', 'C', 75);
insert into enroll values(2306, 'CE001', 'B', 89);
insert into enroll values(2306, 'CE002', 'B', 92);
insert into enroll values(2306, 'CE003', 'B', 84);
insert into enroll values(2306, 'CE004', 'C', 72);
insert into enroll values(2306, 'CE005', 'B', 81);
insert into enroll values(2307, 'CE004', 'A', 100);
insert into enroll values(2307, 'CE006', 'B', 85);
insert into enroll values(2307, 'CE007', 'A', 100);
insert into enroll values(2307, 'CE008', 'A', 95);
insert into enroll values(2307, 'CE009', 'A', 100);
insert into enroll values(2308, 'CE001', 'A', 92);
insert into enroll values(2308, 'CE002', 'B', 87);
insert into enroll values(2308, 'CE003', 'A', 95);
insert into enroll values(2308, 'CE004', 'A', 97);
insert into enroll values(2308, 'CE005', 'B', 82);
insert into enroll values(2309, 'CE004', 'C', 75);
insert into enroll values(2309, 'CE006', 'B', 89);
insert into enroll values(2309, 'CE007', 'B', 92);
insert into enroll values(2309, 'CE008', 'B', 84);
insert into enroll values(2309, 'CE009', 'C', 72);
insert into enroll values(2310, 'CE001', 'B', 81);
insert into enroll values(2310, 'CE002', 'A', 100);
insert into enroll values(2310, 'CE003', 'B', 85);
insert into enroll values(2310, 'CE004', 'A', 100);
insert into enroll values(2310, 'CE005', 'A', 95);
insert into enroll values(2312, 'CT001', 'A', 100);
insert into enroll values(2313, 'CT002', 'A', 92);
insert into enroll values(2314, 'CT003', 'B', 87);
insert into enroll values(2315, 'CT004', 'A', 95);
insert into enroll values(2316, 'CT005', 'A', 97);
insert into enroll values(2317, 'IC002', 'B', 82);
insert into enroll values(2318, 'IC003', 'C', 75);
insert into enroll values(2319, 'IC004', 'B', 89);
insert into enroll values(2320, 'IC005', 'B', 92);
insert into enroll values(2322, 'IC006', 'B', 84);
insert into enroll values(2323, 'IC006', 'C', 72);
insert into enroll values(2324, 'EE001', 'B', 81);
insert into enroll values(2325, 'EE002', 'A', 100);
insert into enroll values(2326, 'EE003', 'B', 85);
insert into enroll values(2327, 'EE004', 'A', 100);
insert into enroll values(2328, 'EE005', 'A', 95);
insert into enroll values(2329, 'EE001', 'A', 100);
insert into enroll values(2330, 'EE002', 'A', 92);
insert into enroll values(2331, 'EE003', 'B', 87);
insert into enroll values(2332, 'EE004', 'A', 95);
insert into enroll values(2334, 'SE001', 'A', 97);
insert into enroll values(2335, 'SE002', 'B', 82);
insert into enroll values(2336, 'SE003', 'C', 75);
insert into enroll values(2337, 'SE004', 'B', 89);
insert into enroll values(2338, 'SE005', 'B', 92);
insert into enroll values(2339, 'SE005', 'B', 84);
insert into enroll values(2340, 'ME001', 'C', 72);
insert into enroll values(2341, 'ME002', 'B', 81);
insert into enroll values(2342, 'ME003', 'A', 100);
insert into enroll values(2343, 'ME004', 'B', 85);
insert into enroll values(2345, 'ME005', 'B', 81);
insert into enroll values(2345, 'ME001', 'A', 100);
insert into enroll values(2345, 'ME002', 'B', 85);

insert into lecture values('CE001', 1127, 'TUE678', 'Y117');
insert into lecture values('CE002', 1243, 'FRI234', 'Y429');
insert into lecture values('CE003', 1534, 'WEN123', 'Y425');
insert into lecture values('CS001', 1756, 'MON123', 'Y449');
insert into lecture values('IC001', 1257, 'FRI678', 'Y101');
insert into lecture values('SE001', 1455, 'THI123', 'Y2120');
insert into lecture values('CE004', 1101, 'MON456', 'Y101');
insert into lecture values('CE005', 1102, 'TUE123', 'Y102');
insert into lecture values('CE006', 1103, 'WEN456', 'Y103');
insert into lecture values('CE007', 1104, 'THI34', 'Y104');
insert into lecture values('CE008', 1105, 'FRI123', 'Y105');
insert into lecture values('IC002', 1201, 'MON123', 'Y201');
insert into lecture values('IC003', 1202, 'TUE789', 'Y202');
insert into lecture values('IC004', 1203, 'WEN456', 'Y203');
insert into lecture values('IC005', 1204, 'TUE678', 'Y204');
insert into lecture values('IC006', 1205, 'FRI234', 'Y205');
insert into lecture values('ME001', 1301, 'WEN123', 'Y301');
insert into lecture values('ME002', 1302, 'MON123', 'Y302');
insert into lecture values('ME003', 1303, 'FRI678', 'Y303');
insert into lecture values('ME004', 1304, 'THI123', 'Y304');
insert into lecture values('ME005', 1305, 'MON456', 'Y305');
insert into lecture values('SE001', 1401, 'TUE123', 'Y401');
insert into lecture values('SE002', 1402, 'WEN456', 'Y402');
insert into lecture values('SE003', 1403, 'THI34', 'Y403');
insert into lecture values('SE004', 1404, 'FRI123', 'Y404');
insert into lecture values('SE005', 1405, 'MON123', 'Y405');
insert into lecture values('CE009', 1501, 'TUE789', 'Y501');
insert into lecture values('CE010', 1502, 'WEN456', 'Y502');
insert into lecture values('CE011', 1503, 'TUE678', 'Y503');
insert into lecture values('CE012', 1504, 'FRI234', 'Y504');
insert into lecture values('CE013', 1505, 'WEN123', 'Y505');
insert into lecture values('EE001', 1601, 'MON123', 'Y601');
insert into lecture values('EE002', 1602, 'FRI678', 'Y602');
insert into lecture values('EE003', 1603, 'THI123', 'Y603');
insert into lecture values('EE004', 1604, 'MON456', 'Y604');
insert into lecture values('EE005', 1605, 'TUE123', 'Y605');
insert into lecture values('CS002', 1701, 'WEN456', 'Y701');
insert into lecture values('CS003', 1702, 'THI34', 'Y702');
insert into lecture values('CS004', 1703, 'FRI123', 'Y703');
insert into lecture values('CS005', 1704, 'MON123', 'Y704');
insert into lecture values('CS006', 1705, 'TUE789', 'Y705');
insert into lecture values('CT001', 1801, 'WEN456', 'Y801');
insert into lecture values('CT002', 1802, 'FRI123', 'Y802');
insert into lecture values('CT003', 1803, 'MON123', 'Y803');
insert into lecture values('CT004', 1804, 'TUE789', 'Y804');
insert into lecture values('CT005', 1805, 'WEN456', 'Y805');
insert into lecture values('IC006', 1106, 'MON234', 'Y5420');
insert into lecture values('CE007', 1106, 'MON678', 'Y5420');